{"cameraMode":{"drawMode":0,"name":"Shaded","section":"Shading Mode"},"sceneLighting":true,"audioPlay":false,"sceneViewState":{"showFog":true,"showMaterialUpdate":false,"showSkybox":true,"showFlares":true,"showImageEffects":true,"showParticleSystems":true},"in2DMode":false,"pivot":{"x":0.11999988555908203,"y":5.0030717849731449,"z":32.0},"rotation":{"x":0.05677677318453789,"y":-0.3779095411300659,"z":-0.0235749501734972,"w":-0.9240115284919739},"size":18.541202545166017,"orthographic":false}