{"cameraMode":{"drawMode":0,"name":"Shaded","section":"Shading Mode"},"sceneLighting":true,"audioPlay":false,"sceneViewState":{"showFog":true,"showMaterialUpdate":false,"showSkybox":true,"showFlares":true,"showImageEffects":true,"showParticleSystems":true},"in2DMode":false,"pivot":{"x":2.278428077697754,"y":-20.857845306396486,"z":25.76882553100586},"rotation":{"x":-0.2574654519557953,"y":0.15733739733695985,"z":-0.042777303606271747,"w":-0.9526452422142029},"size":33.125877380371097,"orthographic":false}