{"cameraMode":{"drawMode":0,"name":"Shaded","section":"Shading Mode"},"sceneLighting":false,"audioPlay":false,"sceneViewState":{"showFog":true,"showMaterialUpdate":false,"showSkybox":false,"showFlares":true,"showImageEffects":true,"showParticleSystems":true},"in2DMode":false,"pivot":{"x":1.3779548406600953,"y":-3.200000047683716,"z":39.53136444091797},"rotation":{"x":0.08535367995500565,"y":0.1871676743030548,"z":-0.01629527099430561,"w":0.9785256385803223},"size":22.0,"orthographic":false}