{"cameraMode":{"drawMode":0,"name":"Shaded","section":"Shading Mode"},"sceneLighting":true,"audioPlay":false,"sceneViewState":{"showFog":true,"showMaterialUpdate":false,"showSkybox":true,"showFlares":true,"showImageEffects":true,"showParticleSystems":true},"in2DMode":false,"pivot":{"x":0.16568347811698914,"y":1.702989935874939,"z":20.993371963500978},"rotation":{"x":-0.07046201825141907,"y":-0.005926882848143578,"z":-0.0008514857618138194,"w":-0.9977211356163025},"size":39.5909423828125,"orthographic":false}