{"cameraMode":{"drawMode":0,"name":"Shaded","section":"Shading Mode"},"sceneLighting":true,"audioPlay":false,"sceneViewState":{"showFog":true,"showMaterialUpdate":false,"showSkybox":true,"showFlares":true,"showImageEffects":true,"showParticleSystems":true},"in2DMode":false,"pivot":{"x":0.1099998950958252,"y":-1.15625,"z":2.7699999809265138},"rotation":{"x":-0.007381125818938017,"y":-0.9693185687065125,"z":0.2449171096086502,"w":-0.028033791109919549},"size":72.46662902832031,"orthographic":false}